/*
Navicat MySQL Data Transfer

Source Server         : localhost-Xampp7
Source Server Version : 50505
Source Host           : localhost:3306
Source Database       : checkin

Target Server Type    : MYSQL
Target Server Version : 50505
File Encoding         : 65001

Date: 2025-06-05 02:35:40
*/

SET FOREIGN_KEY_CHECKS=0;

-- ----------------------------
-- Table structure for checks
-- ----------------------------
DROP TABLE IF EXISTS `checks`;
CREATE TABLE `checks` (
  `checkid` int(11) NOT NULL AUTO_INCREMENT,
  `userid` int(11) DEFAULT NULL,
  `checkdate` date DEFAULT NULL,
  `checkstart` time DEFAULT NULL,
  `checkend` time DEFAULT NULL,
  `hours` float DEFAULT NULL,
  PRIMARY KEY (`checkid`)
) ENGINE=InnoDB AUTO_INCREMENT=14 DEFAULT CHARSET=utf8mb4;

-- ----------------------------
-- Records of checks
-- ----------------------------
INSERT INTO `checks` VALUES ('1', '4', '2025-05-28', '00:35:57', '22:13:19', '21.6');
INSERT INTO `checks` VALUES ('2', '3', '2025-05-28', '01:40:21', '16:57:55', '15.3');
INSERT INTO `checks` VALUES ('3', '1', '2025-05-28', '02:12:38', '02:41:38', '0.5');
INSERT INTO `checks` VALUES ('4', '2', '2025-05-28', '02:13:01', '21:05:55', '18.9');
INSERT INTO `checks` VALUES ('5', '5', '2025-05-28', '02:13:44', '20:54:20', '18.7');
INSERT INTO `checks` VALUES ('6', '8', '2025-05-28', '02:13:53', '20:08:27', '17.9');
INSERT INTO `checks` VALUES ('7', '6', '2025-05-28', '02:14:01', '20:08:29', '17.9');
INSERT INTO `checks` VALUES ('8', '9', '2025-05-28', '02:14:38', '19:54:19', '17.7');
INSERT INTO `checks` VALUES ('9', '8', '2025-05-29', '01:42:21', '02:40:21', '1');
INSERT INTO `checks` VALUES ('10', '4', '2025-05-29', '01:43:04', '03:10:21', '2.5');
INSERT INTO `checks` VALUES ('11', '10', '2025-05-29', '20:30:14', '21:36:32', '1.1');
INSERT INTO `checks` VALUES ('12', '10', '2025-06-01', '00:09:21', '00:37:23', '0.5');
INSERT INTO `checks` VALUES ('13', '1', '2025-06-01', '02:36:52', null, null);

-- ----------------------------
-- Table structure for faces
-- ----------------------------
DROP TABLE IF EXISTS `faces`;
CREATE TABLE `faces` (
  `faceid` int(11) NOT NULL AUTO_INCREMENT,
  `userid` int(11) DEFAULT NULL,
  `facecode` text DEFAULT NULL,
  PRIMARY KEY (`faceid`)
) ENGINE=InnoDB AUTO_INCREMENT=10 DEFAULT CHARSET=utf8mb4;

-- ----------------------------
-- Records of faces
-- ----------------------------
INSERT INTO `faces` VALUES ('1', '1', '[-0.10967501252889633, 0.10855981707572937, 0.1132865622639656, -0.12334822118282318, -0.13656459748744965, -0.003185627516359091, -0.1399606317281723, -0.11583428829908371, 0.14025814831256866, -0.1872791051864624, 0.22097590565681458, -0.07677613198757172, -0.15874062478542328, 0.030004240572452545, -0.09423452615737915, 0.24175667762756348, -0.1897369772195816, -0.13200850784778595, 0.017529210075736046, -0.024762172251939774, 0.13056641817092896, 0.07657647132873535, -0.045029930770397186, 0.04439028352499008, -0.193558469414711, -0.25849252939224243, -0.08206839114427567, -0.013162116520106792, -0.0853567123413086, -0.11155425757169724, -0.0379224494099617, 0.08761341124773026, -0.20537658035755157, 0.03452285751700401, -0.025218389928340912, 0.1719679981470108, 0.011670556850731373, -0.09755037724971771, 0.08281362056732178, 0.07629650831222534, -0.2768006920814514, 0.03991110250353813, 0.1030702143907547, 0.23931588232517242, 0.18220221996307373, -0.06647917628288269, -0.02102092280983925, -0.09783721715211868, 0.05691515654325485, -0.21229736506938934, -0.03431650623679161, 0.0911412462592125, 0.051063086837530136, 0.08301328122615814, 0.0012896042317152023, -0.12808829545974731, 0.04314254969358444, 0.051721327006816864, -0.09939100593328476, -0.02413792535662651, 0.12071684002876282, -0.14507436752319336, 0.03325137868523598, -0.11355868726968765, 0.18483002483844757, 0.12598954141139984, -0.07261718064546585, -0.21747618913650513, 0.039281513541936874, -0.12882019579410553, -0.1632966250181198, 0.07368341088294983, -0.1456250101327896, -0.13804541528224945, -0.36717548966407776, -0.029571756720542908, 0.2859232425689697, 0.13490703701972961, -0.15041489899158478, 0.0997951328754425, 0.03200150653719902, -0.012434355914592743, 0.08520194888114929, 0.2147027999162674, 0.07255055755376816, 0.12663394212722778, -0.06085250899195671, 0.10609297454357147, 0.23578552901744843, -0.09861993044614792, 0.008076826110482216, 0.2336556315422058, -0.036847297102212906, 0.07677686959505081, -0.02560272626578808, 0.021289581432938576, -0.096466064453125, 0.05480479449033737, -0.10544772446155548, -0.00138094462454319, -0.031350813806056976, 0.04783442243933678, 0.0038726862985640764, 0.15726064145565033, -0.14278598129749298, 0.11481891572475433, -0.04348728805780411, -0.01876525580883026, -0.05514289811253548, 0.007391826249659061, -0.05596911907196045, -0.03091825172305107, 0.11474791169166565, -0.16586042940616608, 0.11783269792795181, 0.1876748949289322, 0.028064526617527008, 0.07300450652837753, 0.16385701298713684, 0.07089190185070038, -0.01857624761760235, 0.019267138093709946, -0.19265049695968628, 0.031277693808078766, 0.05798107758164406, -0.0736578106880188, 0.07491736859083176, 0.02450471930205822]');
INSERT INTO `faces` VALUES ('2', '2', '[-0.14120902121067047, 0.06328468024730682, 0.09923306107521057, -0.06736017763614655, -0.021542642265558243, -0.03977834805846214, -0.08112236857414246, -0.16037467122077942, 0.14475184679031372, -0.1117744967341423, 0.2841431498527527, -0.01753000169992447, -0.1640712469816208, -0.12893567979335785, -0.012673428282141685, 0.17580898106098175, -0.20613062381744385, -0.17729514837265015, -0.02017110213637352, -0.055014077574014664, 0.103204645216465, -0.022815043106675148, 0.028537437319755554, 0.005822937004268169, -0.12410839647054672, -0.308012455701828, -0.1326730102300644, -0.020505044609308243, 0.0887293890118599, -0.07026276737451553, -0.08180737495422363, 0.03637879341840744, -0.20748694241046906, -0.04448871314525604, 0.010418985038995743, 0.14189040660858154, 0.0045852395705878735, -0.14066046476364136, 0.1633455604314804, -0.023801736533641815, -0.18434099853038788, 0.026794059202075005, 0.07215996831655502, 0.27296552062034607, 0.2291681468486786, 0.04099658876657486, 0.02780071645975113, -0.08365149050951004, 0.1404183954000473, -0.13130824267864227, 0.08726989477872849, 0.14108271896839142, 0.1301983743906021, 0.07166648656129837, 0.04592359811067581, -0.14795279502868652, 0.00988107267767191, 0.12087759375572205, -0.07133800536394119, 0.05468841642141342, 0.0876787006855011, -0.06191233545541763, 0.05775383487343788, -0.1091468334197998, 0.2114609032869339, 0.06902728974819183, -0.12793928384780884, -0.1714366227388382, 0.12278717011213303, -0.04907617345452309, -0.1319034993648529, 0.012334024533629417, -0.22732917964458466, -0.16821253299713135, -0.32558462023735046, 0.0289294496178627, 0.39300674200057983, 0.07970503717660904, -0.21479596197605133, 0.07474511861801147, -0.0011162320151925087, -0.03165037930011749, 0.12523898482322693, 0.18854372203350067, -0.010305221192538738, 0.048954855650663376, -0.1400127112865448, -0.0009462693706154823, 0.29225966334342957, -0.023595083504915237, -0.09398911893367767, 0.18683351576328278, -0.041131503880023956, 0.0571625716984272, 0.00637781759724021, 0.04796035587787628, -0.05367288738489151, 0.08013204485177994, -0.16769720613956451, -0.03350941836833954, 0.018026914447546005, -0.014213645830750465, -0.05015871301293373, 0.1355484426021576, -0.10361212491989136, 0.1254294067621231, 0.052441298961639404, 0.09618458896875381, -0.04354449734091759, -0.0036769600119441748, -0.13677380979061127, -0.02270987071096897, 0.07612568885087967, -0.22586239874362946, 0.21214750409126282, 0.21554876863956451, 0.12516972422599792, 0.11647327244281769, 0.15280432999134064, 0.09061665832996368, 0.06686918437480927, 0.028010454028844833, -0.16670314967632294, -0.04864782467484474, 0.06302988529205322, 0.01740533486008644, 0.12555883824825287, 0.0995795950293541]');
INSERT INTO `faces` VALUES ('3', '3', '[-0.01870524324476719, 0.03665800020098686, 0.06058342754840851, -0.08095666021108627, -0.1167234554886818, -0.0322466604411602, -0.12431397289037704, -0.04064244404435158, 0.1701802909374237, -0.234587162733078, 0.13304376602172852, -0.04344901442527771, -0.19472725689411163, 0.06844006478786469, -0.053862281143665314, 0.2241443544626236, -0.15902850031852722, -0.17346790432929993, -0.008881807327270508, -0.006857326719909906, 0.047952745109796524, 0.02012392319738865, 0.012610292993485928, 0.09278655052185059, -0.10729151219129562, -0.3054530918598175, -0.12256640195846558, 0.018580518662929535, -0.12483382225036621, -0.09024335443973541, -0.008643826469779015, 0.1672956645488739, -0.15801355242729187, 0.043326668441295624, -0.0457727387547493, 0.11636760830879211, 0.06221921369433403, -0.07826542854309082, 0.17170339822769165, 0.10041493922472, -0.31372904777526855, 0.016713812947273254, 0.05945253372192383, 0.26234108209609985, 0.12817782163619995, -0.0365087129175663, -0.005182294175028801, -0.06911513209342957, 0.08043612539768219, -0.26581719517707825, 0.03977701812982559, 0.14131678640842438, 0.06014114245772362, 0.07545687258243561, 0.010623639449477196, -0.09895023703575134, 0.09557095170021057, 0.10809032618999481, -0.0933970957994461, -0.022581737488508224, 0.06464036554098129, -0.08149711042642593, 0.09667635709047318, -0.08046931028366089, 0.24381402134895325, 0.1471179723739624, -0.06187640503048897, -0.1697693020105362, 0.06579906493425369, -0.14561520516872406, -0.16948308050632477, 0.08217748999595642, -0.14790983498096466, -0.1687556654214859, -0.3456222712993622, -0.011596569791436195, 0.2825109362602234, 0.1638430804014206, -0.15293478965759277, 0.1173347756266594, 0.008308778516948223, -0.05793462693691254, 0.09605599194765091, 0.24221201241016388, 0.01890396885573864, 0.1039636954665184, -0.06774905323982239, 0.06329749524593353, 0.2692350447177887, -0.03927353769540787, -0.05940021947026253, 0.22597423195838928, 0.027939269319176674, 0.08904825150966644, 0.014328631572425365, 0.03377142921090126, -0.024769101291894913, 0.020234741270542145, -0.19744877517223358, 0.0227808877825737, -0.0390956811606884, 0.06774580478668213, -0.09710423648357391, 0.10895085334777832, -0.16216246783733368, 0.12176376581192017, -0.03758725896477699, -0.06892955303192139, -0.06846635788679123, 0.06705372780561447, -0.07192429900169373, -0.05513286963105202, 0.10366212576627731, -0.1926492303609848, 0.08803582936525345, 0.17158068716526031, 0.04503977671265602, 0.10221313685178757, 0.11002783477306366, 0.10072213411331177, -0.012491682544350624, -0.07339131832122803, -0.17651741206645966, 0.0013773569371551275, 0.13953018188476562, -0.024191901087760925, 0.05905541405081749, 0.050204481929540634]');
INSERT INTO `faces` VALUES ('4', '4', '[-0.08628926426172256, 0.11778902262449265, 0.06012550741434097, -0.0055838692933321, -0.057732757180929184, -0.07120966166257858, -0.11348006129264832, -0.1522359400987625, 0.07227493822574615, -0.056574735790491104, 0.2510748505592346, -0.10814891010522842, -0.1936289519071579, -0.13538134098052979, -0.04057028517127037, 0.13497202098369598, -0.179342120885849, -0.12654544413089752, -0.038383595645427704, -0.0018146000802516937, 0.10960391908884048, -0.038598738610744476, 0.018082844093441963, 0.017231378704309464, -0.11154647916555405, -0.3283793032169342, -0.10221497714519501, -0.038521185517311096, 0.014895947650074959, -0.010048875585198402, -0.08797154575586319, 0.04567382112145424, -0.2142445296049118, -0.11658793687820435, 0.035495735704898834, 0.10801240056753159, 0.0022639110684394836, -0.05056534335017204, 0.16773191094398499, -0.06026940792798996, -0.22507984936237335, 0.08991514891386032, 0.07622386515140533, 0.214807391166687, 0.2536248564720154, 0.08292689174413681, 0.006767501123249531, -0.1299225240945816, 0.161271870136261, -0.1665593981742859, 0.11367122828960419, 0.15768997371196747, 0.15106071531772614, 0.02894819714128971, 0.04737435281276703, -0.16797877848148346, 0.004585401155054569, 0.1404351443052292, -0.11803238838911057, -0.032648615539073944, 0.08147142827510834, -0.04016443341970444, 0.027611900120973587, -0.11133859306573868, 0.15758667886257172, 0.09738190472126007, -0.05670533329248428, -0.2372075468301773, 0.150787353515625, -0.13103272020816803, -0.09173222631216049, 0.11554930359125137, -0.14465880393981934, -0.15527209639549255, -0.38744214177131653, 0.013864222913980484, 0.38279399275779724, 0.10390656441450119, -0.21358199417591095, 0.044660478830337524, -0.035693831741809845, -0.0036011082120239735, 0.1424257457256317, 0.07119300961494446, -0.013731694780290127, 0.0038340874016284943, -0.1531611979007721, -0.07304251939058304, 0.2540539801120758, -0.027271736413240433, -0.10267914086580276, 0.17256984114646912, 0.015082200057804585, 0.06993970274925232, 0.06387501955032349, 0.0014636864652857184, -0.06448618322610855, 0.04160397872328758, -0.1974252611398697, -0.02407221309840679, -0.009494711644947529, -0.00942588783800602, -0.06666528433561325, 0.1386886090040207, -0.15345068275928497, 0.09954208135604858, -0.009472100995481014, 0.06618674099445343, -0.04965389147400856, -0.04187999293208122, -0.10318949818611145, -0.0035035978071391582, 0.12039654701948166, -0.2668779492378235, 0.16207072138786316, 0.13258174061775208, 0.09057347476482391, 0.10595264285802841, 0.1486155390739441, 0.052114907652139664, 0.0038550766184926033, -0.020780541002750397, -0.24410201609134674, -0.06408064067363739, 0.095933698117733, -0.022296305745840073, 0.1077239140868187, 0.06546499580144882]');
INSERT INTO `faces` VALUES ('5', '5', '[-0.1585509330034256, 0.06190228834748268, 0.05116809159517288, -0.03571052849292755, -0.1851043403148651, -0.016553767025470734, -0.03826095163822174, -0.041661396622657776, 0.11019003391265869, -0.09047460556030273, 0.2402435541152954, 0.003470900934189558, -0.26058000326156616, -0.03408093750476837, -0.047196436673402786, 0.11476539820432663, -0.09011831134557724, -0.13165250420570374, -0.0860367938876152, -0.09765305370092392, 0.01099490188062191, -0.0025342367589473724, -0.038867488503456116, 0.11724648624658585, -0.09528642147779465, -0.335182785987854, -0.12027116864919662, -0.02874916046857834, 0.033661600202322006, -0.1317264288663864, 0.005278085358440876, 0.027139071375131607, -0.13934902846813202, -0.05763404071331024, 0.03284071385860443, 0.184078186750412, -0.0654071718454361, -0.042589958757162094, 0.2313428819179535, 0.03354017063975334, -0.14196839928627014, 0.12924373149871826, 0.06075919419527054, 0.3314928114414215, 0.24026785790920258, 0.08697415888309479, 0.0031851865351200104, -0.08970527350902557, 0.18914756178855896, -0.26366251707077026, 0.1479501873254776, 0.20403164625167847, 0.17710638046264648, 0.03539706766605377, 0.08792011439800262, -0.16586925089359283, -0.043175846338272095, 0.23689407110214233, -0.1952681541442871, 0.07926235347986221, 0.002772507257759571, -0.06951020658016205, -0.0012952517718076706, -0.13058772683143616, 0.1743467003107071, 0.13543227314949036, -0.13751141726970673, -0.13387984037399292, 0.17633143067359924, -0.1952114999294281, -0.05851774662733078, 0.06324517726898193, -0.13166841864585876, -0.1890377402305603, -0.24022206664085388, 0.1684153527021408, 0.4318143427371979, 0.18946190178394318, -0.15113309025764465, 0.04243813455104828, -0.034206654876470566, -0.08154626935720444, -0.0004914334276691079, 0.06057910993695259, -0.08527374267578125, -0.1324278861284256, -0.08910679817199707, 0.034019045531749725, 0.18889355659484863, 0.032478466629981995, 0.02034745179116726, 0.22777745127677917, 0.024925801903009415, 0.07341330498456955, 0.03768576681613922, 0.007155297324061394, -0.167308509349823, 0.014192372560501099, -0.1331716626882553, -0.03968995064496994, -0.03428645431995392, -0.12218362838029861, 0.04842439293861389, 0.013599082827568054, -0.1866651475429535, 0.15927672386169434, -0.03064294345676899, 0.005790740251541138, -0.03394122049212456, 0.0042474111542105675, -0.1606578677892685, 0.022076474502682686, 0.21374890208244324, -0.29339393973350525, 0.26763850450515747, 0.1492450088262558, 0.053387600928545, 0.16239742934703827, 0.18599358201026917, 0.06898525357246399, 0.06030048057436943, -0.05894380062818527, -0.13085079193115234, -0.03689581900835037, 0.061610352247953415, -0.08432479947805405, 0.09807305783033371, 0.056406572461128235]');
INSERT INTO `faces` VALUES ('6', '6', '[-0.09527262300252914, 0.0639638751745224, 0.06726599484682083, -0.07732043415307999, -0.12939603626728058, -0.05978086218237877, -0.1294795125722885, -0.1477186679840088, 0.1229434534907341, -0.12882691621780396, 0.21208830177783966, -0.08203292638063431, -0.1702284961938858, -0.0925150141119957, -0.03907020762562752, 0.2170044183731079, -0.19162139296531677, -0.17135731875896454, 0.0063464343547821045, 0.007795427925884724, 0.070680633187294, -0.03544869273900986, 0.00019637850346043706, 0.0477612167596817, -0.14801770448684692, -0.3586483299732208, -0.12148986011743546, -0.03259390592575073, -0.06502285599708557, -0.070395328104496, -0.03362514078617096, 0.03502156585454941, -0.18149302899837494, -0.05727311968803406, 0.054656825959682465, 0.10540913790464401, 0.009884734638035297, -0.12552273273468018, 0.1773712933063507, -0.035031650215387344, -0.3002261519432068, 0.05239744484424591, 0.11558069288730621, 0.20059841871261597, 0.1965065747499466, -0.010668940842151642, 0.026228761300444603, -0.16113631427288055, 0.19948819279670715, -0.13693450391292572, 0.05395987257361412, 0.12085510790348053, 0.073183074593544, -0.0008537033572793007, 0.01370200514793396, -0.12803404033184052, 0.011910340748727322, 0.18502546846866608, -0.18763890862464905, -0.037907835096120834, 0.1004563570022583, -0.05964060127735138, -0.02406032383441925, -0.12967850267887115, 0.1551165133714676, 0.15078319609165192, -0.09038451313972473, -0.279374361038208, 0.14618639647960663, -0.1325751692056656, -0.06824345141649246, 0.07395197451114655, -0.16778914630413055, -0.19725267589092255, -0.3334381878376007, -0.026363356038928032, 0.3463171422481537, 0.06906876713037491, -0.19398359954357147, 0.04804380610585213, 0.0007178229279816151, -0.008243179880082607, 0.0972333699464798, 0.16507674753665924, 0.04720880836248398, 0.031659677624702454, -0.08003932982683182, -0.03014000505208969, 0.25543349981307983, -0.03372478485107422, -0.03348470851778984, 0.16685299575328827, -0.0015745684504508972, 0.035417478531599045, 0.048532817512750626, 0.03399054706096649, -0.12832097709178925, 0.06230214983224869, -0.18956008553504944, -0.01900404877960682, -0.0478668287396431, 0.013874003663659096, -0.022745395079255104, 0.12687841057777405, -0.1406790316104889, 0.13792739808559418, -0.008359658531844616, 0.013027448207139969, -0.05280880630016327, -0.019920265302062035, -0.07261177897453308, -0.06544975936412811, 0.11373988538980484, -0.2119188755750656, 0.1497451364994049, 0.13030016422271729, 0.09018774330615997, 0.13058093190193176, 0.11997641623020172, 0.08440040796995163, -0.009550252929329872, -0.002636822871863842, -0.22116225957870483, 0.0022306893952190876, 0.07271109521389008, -0.05029413476586342, 0.11364341527223587, 0.008141865953803062]');
INSERT INTO `faces` VALUES ('7', '8', '[-0.09325031191110611, 0.049015071243047714, 0.07910780608654022, -0.11872334033250809, -0.08090686053037643, -0.004584436770528555, -0.11964842677116394, -0.13134001195430756, 0.14543882012367249, -0.17512790858745575, 0.1860632300376892, -0.11399000138044357, -0.1592746526002884, -0.07032638043165207, -0.032066088169813156, 0.20535942912101746, -0.1887499839067459, -0.16236956417560577, -0.020485762506723404, 0.003756522201001644, 0.07655616104602814, -0.03542420268058777, -0.043384093791246414, 0.02530047670006752, -0.11700144410133362, -0.3433583676815033, -0.1290128380060196, -0.014882922172546387, -0.058473244309425354, -0.051039133220911026, -0.03854174539446831, 0.012918508611619473, -0.1812533289194107, 0.00042080506682395935, -0.009528957307338715, 0.11161413043737411, 0.008538593538105488, -0.11983279883861542, 0.13376791775226593, 0.003822200931608677, -0.2874431312084198, 0.060197316110134125, 0.06844958662986755, 0.18402715027332306, 0.20501075685024261, 0.02197038009762764, -0.010538451373577118, -0.15078091621398926, 0.18978089094161987, -0.15867626667022705, 0.0449846088886261, 0.12038837373256683, 0.07279723882675171, 0.020263079553842545, 0.02965630777180195, -0.11645843088626862, 0.014482041820883751, 0.17093604803085327, -0.1431988924741745, -0.01194456871598959, 0.06567786633968353, -0.05613831803202629, 0.014312072657048702, -0.11660857498645782, 0.1691710203886032, 0.16654008626937866, -0.09364484250545502, -0.2526709735393524, 0.1493852436542511, -0.1313067376613617, -0.08523201197385788, 0.04973616451025009, -0.1337888091802597, -0.19024929404258728, -0.3060760796070099, -0.014303602278232574, 0.3327831029891968, 0.06951835006475449, -0.2248801440000534, 0.029281221330165863, -0.008779853582382202, -0.028640232980251312, 0.15615002810955048, 0.18888309597969055, 0.039338644593954086, 0.01917995885014534, -0.07428286224603653, -0.07113465666770935, 0.29805928468704224, -0.04975346475839615, -0.010147444903850555, 0.2161710262298584, -0.00941181369125843, 0.03832947462797165, 0.0055511523969471455, 0.006040549371391535, -0.09173163771629333, 0.08617007732391357, -0.1708196997642517, -0.025738218799233437, -0.03281354159116745, 0.004098320379853249, -0.0580824576318264, 0.1142287626862526, -0.16484034061431885, 0.15108513832092285, 0.01360862236469984, 0.021346958354115486, -0.03003539890050888, -0.027751607820391655, -0.07480758428573608, -0.0484042726457119, 0.13855761289596558, -0.21482782065868378, 0.1187349185347557, 0.16251429915428162, 0.09784459322690964, 0.123639315366745, 0.14395007491111755, 0.099665567278862, 0.025809623301029205, -0.012362665496766567, -0.23829570412635803, 0.01439609844237566, 0.07409712672233582, -0.02725057303905487, 0.04799255356192589, 0.03622014820575714]');
INSERT INTO `faces` VALUES ('8', '9', '[-0.034394338726997375, 0.0734490230679512, 0.037474069744348526, -0.11530603468418121, -0.1323479413986206, -0.03909877687692642, -0.12734739482402802, -0.10649694502353668, 0.13015106320381165, -0.10475248098373413, 0.14615313708782196, -0.02749369665980339, -0.2521648406982422, 0.024797221645712852, -0.07275734841823578, 0.14544880390167236, -0.19325478374958038, -0.18972229957580566, 0.02349191904067993, -0.06541764736175537, 0.0952325388789177, 0.03592393174767494, -0.006251522805541754, 0.1639004647731781, -0.08236045390367508, -0.3598676919937134, -0.07749833911657333, -0.06134264916181564, -0.05918944999575615, -0.0761081874370575, -0.00106918066740036, 0.09551782160997391, -0.2184695601463318, 0.041635870933532715, 0.012753353454172611, 0.0822465717792511, -0.05660029500722885, -0.16232162714004517, 0.16455195844173431, 0.15130074322223663, -0.19354644417762756, 0.020271457731723785, 0.08329286426305771, 0.20447181165218353, 0.20938695967197418, 0.04511851817369461, 0.0646236464381218, -0.11361731588840485, 0.20981444418430328, -0.3275148868560791, 0.07152215391397476, 0.21923819184303284, 0.061222221702337265, 0.04899704456329346, 0.08910378813743591, -0.25905337929725647, 0.0030872859060764313, 0.028072163462638855, -0.19243201613426208, 0.09863455593585968, 0.020021947100758553, -0.06900869309902191, -0.022747457027435303, -0.1844886988401413, 0.21427984535694122, 0.17677520215511322, -0.11605524271726608, -0.1448614001274109, 0.23811349272727966, -0.1702929139137268, -0.12889888882637024, 0.11648842692375183, -0.13630878925323486, -0.18109416961669922, -0.25561439990997314, 0.04514477401971817, 0.3285353183746338, 0.16204020380973816, -0.10272333770990372, 0.03585902228951454, -0.02960226684808731, -0.026020105928182602, -0.07711726427078247, 0.16205532848834991, -0.03812287747859955, 0.006384870037436485, -0.0860377848148346, 0.02201778255403042, 0.22229407727718353, 0.022142548114061356, -0.043399907648563385, 0.2871367335319519, -0.04271627962589264, 0.08695898205041885, 0.050122737884521484, 0.10763750225305557, -0.18482056260108948, -0.03566174954175949, -0.16888603568077087, -0.05262276530265808, -0.050618138164281845, -0.0667591243982315, -0.06575586646795273, 0.11470168828964233, -0.14877036213874817, 0.11017733067274094, -0.12052609771490097, -0.08458805084228516, -0.1321866512298584, -0.0350518524646759, -0.11069876700639725, 0.025403941050171852, 0.10772323608398438, -0.22652305662631989, 0.20743399858474731, 0.11457806825637817, 0.1319677084684372, 0.14493328332901, 0.04945351928472519, 0.06974202394485474, -0.027104780077934265, -0.154188334941864, -0.1757805198431015, -0.1083044707775116, 0.030639629811048508, -0.01705208793282509, -0.036254264414310455, 0.027402572333812714]');
INSERT INTO `faces` VALUES ('9', '10', '[-0.08849205076694489, 0.0979568362236023, 0.08097606897354126, 0.046505436301231384, 0.011336129158735275, -0.02241000346839428, -0.0515538826584816, -0.13743449747562408, 0.08863934874534607, -0.10172112286090851, 0.2803167998790741, -0.051512159407138824, -0.2038497030735016, -0.15646734833717346, -0.0015389379113912582, 0.14734874665737152, -0.1844514012336731, -0.1272028088569641, -0.06299375742673874, 0.00155617855489254, 0.029424361884593964, -0.0343911238014698, 0.01469386462122202, 0.01702057756483555, -0.04412172734737396, -0.37690985202789307, -0.08113459497690201, -0.1456255167722702, 0.05226391181349754, -0.03105701506137848, -0.06261195242404938, 0.004889738745987415, -0.12973378598690033, -0.061108075082302094, 0.0006131045520305634, 0.14171849191188812, -0.04395624250173569, -0.02940189838409424, 0.1768026351928711, -0.06761273741722107, -0.2237972766160965, 0.06321000307798386, 0.0438358448445797, 0.23989595472812653, 0.2638205587863922, 0.08363045752048492, 0.0325448103249073, -0.11730413138866425, 0.12493360042572021, -0.21634094417095184, 0.03600691258907318, 0.1549597680568695, 0.07459726929664612, 0.09095816314220428, 0.016078006476163864, -0.13720332086086273, 0.04407576844096184, 0.03286873549222946, -0.18149223923683167, 0.0280021782964468, 0.13324472308158875, -0.10581812262535095, 0.06164491921663284, 0.022934749722480774, 0.19384263455867767, 0.07868418097496033, -0.09042062610387802, -0.19181586802005768, 0.12021908164024353, -0.27675384283065796, -0.05318199098110199, 0.11137060075998306, -0.1272801160812378, -0.1853678673505783, -0.3270237147808075, 0.04408819228410721, 0.4599571228027344, 0.15625673532485962, -0.09278131276369095, 0.03971702605485916, -0.0659547820687294, -0.050706684589385986, 0.1704818308353424, 0.13936704397201538, 0.007499372586607933, -0.044410042464733124, -0.16162095963954926, -0.04571490362286568, 0.24357552826404572, -0.015418757684528828, -0.03174514323472977, 0.17265529930591583, -0.02417260780930519, 0.06151284649968147, 0.04844685271382332, 0.050237949937582016, -0.061210572719573975, 0.04842522367835045, -0.1280866265296936, -0.005892149172723293, -0.05553402006626129, -0.059763312339782715, 0.025979802012443542, 0.05813070386648178, -0.10193565487861633, 0.12385155260562897, -0.05798976495862007, 0.07251164317131042, 0.031689729541540146, -0.004839272238314152, -0.08315367996692657, -0.03730573132634163, 0.16604600846767426, -0.21362216770648956, 0.18807700276374817, 0.18302994966506958, 0.10852137953042984, 0.0978187546133995, 0.13508370518684387, 0.1274762600660324, -0.04325710982084274, -0.0397099144756794, -0.24287906289100647, -0.02978304773569107, -0.02319229766726494, 0.0017971345223486423, 0.09965776652097702, 0.018755244091153145]');

-- ----------------------------
-- Table structure for users
-- ----------------------------
DROP TABLE IF EXISTS `users`;
CREATE TABLE `users` (
  `userid` int(11) NOT NULL AUTO_INCREMENT,
  `username` varchar(255) DEFAULT NULL,
  `usersex` varchar(255) DEFAULT NULL,
  `department` varchar(255) DEFAULT NULL,
  `createtime` datetime DEFAULT NULL,
  PRIMARY KEY (`userid`)
) ENGINE=InnoDB AUTO_INCREMENT=11 DEFAULT CHARSET=utf8mb4;

-- ----------------------------
-- Records of users
-- ----------------------------
INSERT INTO `users` VALUES ('1', '程语柔', '女', '市场部', '2025-05-27 19:04:59');
INSERT INTO `users` VALUES ('2', '顾明远', '男', '技术部', '2025-05-27 19:05:23');
INSERT INTO `users` VALUES ('3', '姜晚晴', '女', '销售部', '2025-05-27 19:05:40');
INSERT INTO `users` VALUES ('4', '梁书墨', '男', '技术部', '2025-05-27 19:06:05');
INSERT INTO `users` VALUES ('5', '陆承安', '男', '销售部', '2025-05-27 19:06:25');
INSERT INTO `users` VALUES ('6', '洛秋棠', '女', '人事部', '2025-05-27 19:06:54');
INSERT INTO `users` VALUES ('7', '司徒静', '女', '财务部', '2025-05-27 19:07:16');
INSERT INTO `users` VALUES ('8', '苏映雪', '女', '技术部', '2025-05-27 19:07:50');
INSERT INTO `users` VALUES ('9', '叶知夏', '女', '技术部', '2025-05-27 19:08:43');
INSERT INTO `users` VALUES ('10', '张知涵', '男', '市场部', '2025-05-27 19:09:24');
